PitchId,PAofInning,PitchofPA,Inning,Top_Bottom,PitchCall,KorBB,TaggedHitType,AutoHitType,PlayResult,OutsOnPlay,RunsScored,Notes,ExitSpeed,Angle,Direction,HitSpinRate,PositionAt110X,PositionAt110Y,PositionAt110Z,Distance,LastTrackedDistance,Bearing,HangTime,MaxHeight,ContactPositionX,ContactPositionY,ContactPositionZ,HitSpinAxis,HitTrajectoryXc0,HitTrajectoryXc1,HitTrajectoryXc2,HitTrajectoryXc3,HitTrajectoryXc4,HitTrajectoryXc5,HitTrajectoryXc6,HitTrajectoryXc7,HitTrajectoryXc8,HitTrajectoryYc0,HitTrajectoryYc1,HitTrajectoryYc2,HitTrajectoryYc3,HitTrajectoryYc4,HitTrajectoryYc5,HitTrajectoryYc6,HitTrajectoryYc7,HitTrajectoryYc8,HitTrajectoryZc0,HitTrajectoryZc1,HitTrajectoryZc2,HitTrajectoryZc3,HitTrajectoryZc4,HitTrajectoryZc5,HitTrajectoryZc6,HitTrajectoryZc7,HitTrajectoryZc8,HitLaunchConfidence,HitLandingConfidence,GameUID,PlayId,PitchUID
30832293,1,4,5,Top,FoulBallNotFieldable,NULL,NULL,NULL,NULL,0,0,NULL,75.14741,38.07346,150.386,4878.293,NULL,NULL,NULL,NULL,50.07005,NULL,NULL,35.01607,0.48091,2.91808,0.21665,312.3317,0.48091,-75.4307,2.85835,0.76795,-0.3384,0.59865,-1.74279,2.55599,-1.35583,2.91808,67.96703,-27.34997,3.36618,-0.82017,0.77517,-1.93045,2.6547,-1.35559,0.21665,42.87497,-11.15972,2.18325,-0.57086,0.77334,-2.11021,2.93077,-1.50208,High,NULL,0D4ADE24-F8F9-426B-9A53-397525FC4BD8,C233D358-87CD-45BA-B918-864C33AE8628,60401650-216D-11F0-8213-7D09D15F2485
30832347,5,1,6,Bottom,FoulBallNotFieldable,NULL,NULL,NULL,NULL,0,0,NULL,75.31639,41.87433,160.539,4513.953,NULL,NULL,NULL,NULL,50.94484,NULL,NULL,39.51712,0.45138,3.42658,0.01763,328.4278,0.45138,-77.55321,2.20938,1.09926,-0.80865,1.7027,-3.05643,2.94492,-1.12189,3.42658,73.73468,-30.32009,4.15979,-1.43662,2.06211,-3.58946,3.41846,-1.28361,0.01763,27.40377,-8.23339,1.51199,-0.56233,0.96511,-1.73596,1.65592,-0.62073,High,NULL,0D4ADE24-F8F9-426B-9A53-397525FC4BD8,CF4898AA-DC24-4091-9BBE-9C02FE0F31F8,9E3C7A30-2171-11F0-8213-7D09D15F2485
30832454,4,2,9,Bottom,FoulBallNotFieldable,NULL,NULL,NULL,NULL,0,0,NULL,67.48231,35.70609,-147.8027,4444.145,NULL,NULL,NULL,NULL,50.48272,NULL,NULL,30.47555,0.24189,3.64728,0.36209,23.24855,0.24189,-68.00961,2.00959,0.81213,-0.0042,-1.30018,3.44992,-3.91716,1.65947,3.64728,57.76392,-27.78719,3.28032,-0.28914,-1.91949,4.85583,-5.32402,2.20399,0.36209,-42.82351,5.55775,-0.75895,0.01083,0.59553,-1.40842,1.51172,-0.61748,High,NULL,0D4ADE24-F8F9-426B-9A53-397525FC4BD8,9D6C653E-9576-4921-8EF6-52E8E2619195,C6EC74F0-2179-11F0-8213-7D09D15F2485
30832266,2,1,4,Top,FoulBallNotFieldable,NULL,NULL,NULL,NULL,0,0,NULL,71.61112,37.39132,-156.181,4295.085,NULL,NULL,NULL,NULL,50.8479,NULL,NULL,32.27954,0.96616,2.92431,-0.23535,17.28738,0.96616,-76.33912,3.31803,1.02122,-0.27967,-0.26911,0.77939,-0.84959,0.36614,2.92431,63.77966,-30.78926,4.22726,-0.70636,-0.6197,1.6024,-1.7225,0.73976,-0.23535,-33.69983,5.17701,-0.79945,0.09141,0.18491,-0.41024,0.43564,-0.18662,High,NULL,0D4ADE24-F8F9-426B-9A53-397525FC4BD8,EC2E35A2-CDE3-42F7-8EE9-4B6F6A98130E,FA6B4770-216A-11F0-8213-7D09D15F2485
30832228,5,2,2,Bottom,FoulBallNotFieldable,NULL,NULL,NULL,NULL,0,0,NULL,99.07307,39.83017,57.50433,5092.993,NULL,NULL,NULL,NULL,98.09301,NULL,NULL,81.78989,0.28648,3.61839,-0.04569,NULL,0.28648,59.95014,-22.88182,6.71984,-1.38685,0.15459,-0.33725,0.43983,-0.15483,3.61839,93.07032,-20.98863,1.32287,-0.30851,0.23676,0.08353,-0.24539,0.09626,-0.04569,94.11696,-16.63204,3.72771,-0.72194,0.1681,-0.12961,0.10236,-0.03069,High,NULL,0D4ADE24-F8F9-426B-9A53-397525FC4BD8,36CF4C99-CEBF-44DD-91C9-7D60B6DEBDDF,CF4C5640-2167-11F0-8213-7D09D15F2485
30832335,1,3,6,Bottom,InPlay,NULL,Popup,NULL,Out,1,0,NULL,77.24557,83.64639,73.87293,NULL,NULL,NULL,NULL,NULL,3.08945,NULL,NULL,81.93252,NULL,NULL,NULL,NULL,3.09603,3.48253,-5.74098,2.48805,-0.78075,0.23032,-0.0732,0.02377,-0.00475,6.2468,112.5975,-34.10422,4.89278,-0.7891,0.11317,-0.05625,0.04068,-0.01173,-2.66019,12.04415,-15.54913,6.61602,-2.05855,0.60507,-0.19334,0.0636,-0.01282,Low,NULL,0D4ADE24-F8F9-426B-9A53-397525FC4BD8,BC744348-6C87-418C-8C52-FC8E830E4EC6,B5A07150-2170-11F0-8213-7D09D15F2485
30832344,4,3,6,Bottom,FoulBallNotFieldable,NULL,NULL,LineDrive,NULL,0,0,NULL,67.97332,21.36006,-167.745,2839.266,-108.0541,12.50063,-20.59619,143.335,51.09968,-169.541,1.763126,17.37369,0.04992,3.26272,0.78379,10.79359,0.0499,-90.72861,6.10202,0.06044,-0.31632,0.46372,-0.34369,0.136,-0.02207,3.26272,36.31139,-25.16538,2.66453,-0.53766,0.11736,-0.02136,0.00427,-0.00051,0.78379,-19.70701,2.58368,0.00344,-0.12562,0.18976,-0.14122,0.05593,-0.00908,High,Low,0D4ADE24-F8F9-426B-9A53-397525FC4BD8,E7C4898B-7567-452D-80AF-0A5D5D6CABCB,4E8A1A60-2171-11F0-8213-7D09D15F2485
30832379,4,2,7,Bottom,FoulBallNotFieldable,NULL,NULL,LineDrive,NULL,0,0,NULL,73.79983,19.50174,-165.3305,1660.501,-106.4521,16.86762,-27.70968,166.5422,50.26542,-165.515,1.892423,18.75065,0.0285,3.65917,0.06787,359.31,0.02848,-98.70235,8.04805,-0.70155,0.00292,0.22473,-0.18304,0.07044,-0.01073,3.6592,36.1309,-23.15582,1.91313,-0.02359,-0.19502,0.09677,-0.01957,0.00134,0.06787,-25.83873,2.06752,-0.13341,0.08642,-0.00695,-0.02428,0.01506,-0.0028,High,Low,0D4ADE24-F8F9-426B-9A53-397525FC4BD8,B0C9EDAF-57CA-494C-8C7A-C6836ECB9212,1DEA1B50-2174-11F0-8213-7D09D15F2485
30832169,1,4,1,Top,InPlay,NULL,LineDrive,LineDrive,Double,0,0,NULL,108.408,8.558163,-29.07389,2863.748,92.31562,10.08431,-59.81435,194.1905,194.1905,-35.82458,1.496349,10.24843,0.78928,2.51123,-0.16265,95.87938,0.78928,137.416,-29.51202,6.94262,-1.59331,0.31804,-0.05988,0.00906,-0.00075,2.51123,23.66103,-19.2023,1.8336,-0.25392,0.02819,0.00046,-0.00057,5.00E-05,-0.16265,-76.4028,-2.70405,3.43141,-1.37969,0.4339,-0.1121,0.02128,-0.00207,High,Medium,0D4ADE24-F8F9-426B-9A53-397525FC4BD8,4BE0B78D-43C1-4D33-807E-CFFC1B6C09A0,574CDF60-2163-11F0-8213-7D09D15F2485
30832211,5,1,2,Top,FoulBallNotFieldable,NULL,NULL,NULL,NULL,0,0,NULL,72.61349,69.56686,-81.46613,2623.17,NULL,NULL,NULL,NULL,41.8029,NULL,NULL,74.57029,2.36789,2.5196,-0.7534,154.6929,2.36789,5.51736,-6.98289,2.79374,-0.80897,0.2045,-0.04434,0.00753,-0.00086,2.5196,99.79865,-34.93091,5.52276,-1.09376,0.16545,-0.01091,-0.00165,-0.00029,-0.7534,-36.76888,-4.27934,3.45066,-1.22315,0.35875,-0.08865,0.01572,-0.00118,Low,NULL,0D4ADE24-F8F9-426B-9A53-397525FC4BD8,21346421-91E9-4F95-B7A5-8ED2F87D1776,7E77DA10-2166-11F0-8213-7D09D15F2485
30832237,1,4,3,Top,InPlay,NULL,LineDrive,LineDrive,Single,0,0,NULL,92.83567,15.59591,-21.44061,1071.266,101.7728,21.69824,-41.73912,NULL,250.3672,-24.43618,2.429228,22.45488,2.32771,2.45145,0.20145,121.0104,2.32776,122.0674,-15.81244,2.52688,-0.39637,-0.04401,0.05833,-0.0184,0.00216,2.45142,36.60801,-18.20165,1.60817,-0.38128,0.14842,-0.05539,0.01385,-0.00151,0.20143,-47.93746,1.79978,0.2476,-0.16105,0.08898,-0.03746,0.00953,-0.00103,High,High,0D4ADE24-F8F9-426B-9A53-397525FC4BD8,31FF3044-221F-4510-852E-C6366879ECFC,92CA6B20-2168-11F0-8213-7D09D15F2485
30832199,1,2,2,Top,FoulBallNotFieldable,NULL,NULL,NULL,NULL,0,0,NULL,86.85811,27.32309,88.48374,5136.788,NULL,NULL,NULL,NULL,75.99837,NULL,NULL,37.39225,1.36156,2.8523,0.30021,NULL,1.36156,2.99478,-1.71323,0.3476,-0.07155,0.01499,-0.00336,0.00067,-0.00008,2.8523,58.47375,-17.21563,1.47025,-0.31729,0.06902,-0.01478,0.0031,-0.0004,0.30021,113.1393,-18.0161,3.73173,-0.77449,0.16385,-0.0354,0.00628,-0.00058,High,NULL,0D4ADE24-F8F9-426B-9A53-397525FC4BD8,889C048E-5C98-448F-986C-A122F19C16CA,B6229AA0-2165-11F0-8213-7D09D15F2485
30832220,3,2,2,Bottom,InPlay,NULL,LineDrive,LineDrive,Single,0,0,NULL,98.09795,11.75233,-20.69623,1739.7,100.9598,12.53358,-43.67028,192.5345,189.5966,-25.69309,1.60025,12.74047,1.8141,2.29501,-0.05469,82.22562,1.8141,131.7706,-19.94102,3.93678,-0.84778,0.16623,-0.03314,0.00526,-0.00044,2.29501,29.30504,-22.00768,2.3123,-0.46974,0.09515,-0.01742,0.00288,-0.00027,-0.05469,-49.78206,-3.33604,1.7967,-0.56619,0.15003,-0.03406,0.0059,-0.00053,High,High,0D4ADE24-F8F9-426B-9A53-397525FC4BD8,B8088CBC-7B8A-4163-83B3-5EC2FF1AEB8D,38162990-2167-11F0-8213-7D09D15F2485
30832367,1,1,7,Bottom,InPlay,NULL,Popup,NULL,Out,1,0,NULL,61.73047,75.57275,50.04391,NULL,NULL,NULL,NULL,NULL,17.33893,NULL,NULL,70.97295,1.40709,3.3093,-1.31887,190.2608,1.40709,14.48649,-10.07038,3.80808,-1.02241,0.26241,-0.07434,0.01901,-0.00273,3.3093,87.68276,-25.63166,2.78674,-0.44124,0.06453,-0.02084,0.0074,-0.00125,-1.31887,17.29121,-2.71355,0.6345,-0.11633,0.02473,-0.00807,0.00252,-0.0004,High,NULL,0D4ADE24-F8F9-426B-9A53-397525FC4BD8,12B9C778-5EED-4CA0-A914-895015DCBB82,235209A0-2173-11F0-8213-7D09D15F2485
30832277,1,2,4,Bottom,InPlay,NULL,LineDrive,LineDrive,Single,0,0,NULL,95.28779,11.55197,2.577975,1246.248,109.9998,12.6742,-0.18905,191.3425,157.153,-1.818551,1.721323,12.82292,1.52086,2.05362,-0.73568,96.24552,1.52086,136.7856,-20.52588,4.11091,-0.92462,0.20533,-0.04368,0.00719,-0.00061,2.05362,27.9869,-19.57494,2.09761,-0.47372,0.11117,-0.02276,0.0038,-0.00034,-0.73568,6.1587,-7.44444,1.68598,-0.39184,0.08763,-0.01835,0.00299,-0.00025,High,Medium,0D4ADE24-F8F9-426B-9A53-397525FC4BD8,C50470D6-3741-45F0-A1FD-72E0A4ABBADB,ECA578D0-216B-11F0-8213-7D09D15F2485
30832406,2,2,8,Bottom,FoulBallNotFieldable,NULL,NULL,LineDrive,NULL,0,0,NULL,75.28928,18.54165,164.3578,3961.279,-107.6659,14.80948,22.54006,159.1828,50.65614,170.1612,1.821267,16.97822,0.03299,2.8369,0.54687,301.2102,0.03299,-100.8149,8.5492,-0.36309,0.01781,0.02704,-0.00533,0.00054,-0.00006,2.8369,35.11419,-23.6346,2.61282,-0.53692,0.11104,-0.01756,0.00264,-0.00025,0.54687,28.22808,-9.93351,1.93732,-0.4329,0.08135,-0.01416,0.00251,-0.00024,High,Low,0D4ADE24-F8F9-426B-9A53-397525FC4BD8,867DC808-282F-4F8A-86FA-8581B1448425,79C53430-2176-11F0-8213-7D09D15F2485
30832270,3,3,4,Top,FoulBallNotFieldable,NULL,NULL,GroundBall,NULL,0,0,NULL,67.05046,6.456443,170.6901,4227.539,NULL,NULL,NULL,70.62461,51.84421,172.8944,0.771845,4.57054,-1.25967,3.06695,0.4976,301.8232,-1.25967,-96.42966,9.90321,-0.75151,0.15653,-0.01379,0.00134,-0.0004,3.00E-05,3.06695,11.05818,-20.82719,1.98853,-0.36244,0.08156,-0.01365,0.00239,-0.00034,0.4976,15.80806,-7.42864,1.17162,-0.24524,0.04542,-0.00771,0.00156,-0.00021,High,Medium,0D4ADE24-F8F9-426B-9A53-397525FC4BD8,A395BFBE-F156-445D-8A50-3EB77F4ED0B4,45A53E80-216B-11F0-8213-7D09D15F2485
30832238,2,1,3,Top,InPlay,NULL,LineDrive,LineDrive,Double,0,0,NULL,97.89491,23.04993,-4.746721,2529.139,108.8804,43.53439,-15.65105,374.9343,372.3399,-15.26931,4.327138,59.47967,0.82648,3.15417,-0.3452,140.7448,0.82561,131.6849,-22.84587,5.30573,-1.23388,0.30622,-0.06703,0.00933,-0.00055,3.15632,56.16199,-14.38659,-0.26268,0.54826,-0.27995,0.07945,-0.01135,0.00063,-0.34563,-10.92256,-7.26604,2.34067,-0.62109,0.14613,-0.02793,0.00344,-0.00019,High,High,0D4ADE24-F8F9-426B-9A53-397525FC4BD8,6782E399-9CAA-4073-B087-3ECBDED6E589,A544A4A0-2168-11F0-8213-7D09D15F2485
30832265,1,2,4,Top,InPlay,NULL,LineDrive,LineDrive,Out,1,0,NULL,78.59793,25.93518,-26.02137,3030.059,96.83222,40.61475,-52.18643,279.6787,270.0025,-32.96356,3.663972,44.38364,2.88008,2.50649,0.6176,140.0676,2.88081,93.13784,-15.47411,3.47803,-0.57877,0.04395,-0.00305,0.00238,-0.00035,2.5064,50.41635,-16.23168,0.54228,0.19194,-0.17424,0.07579,-0.01545,0.00117,0.61744,-45.47498,0.66059,0.54951,-0.2885,0.09401,-0.02148,0.00274,-0.00014,High,High,0D4ADE24-F8F9-426B-9A53-397525FC4BD8,DF61990C-6D99-484E-AA09-915FE7E56B8B,E8543C90-216A-11F0-8213-7D09D15F2485
30832456,4,4,9,Bottom,InPlay,NULL,FlyBall,FlyBall,Out,1,0,NULL,94.27226,33.04616,-3.315599,4117.214,108.8375,65.18553,-15.94942,355.2557,350.1609,-23.37162,5.134094,88.99934,1.6573,2.25373,0.72547,140.6901,1.65705,115.7125,-23.79216,5.93596,-1.42519,0.31888,-0.05629,0.00615,-0.00029,2.25577,75.35195,-18.6585,1.10893,0.06726,-0.10811,0.03179,-0.00414,0.0002,0.72513,-6.69512,-9.01244,2.13399,-0.51716,0.12381,-0.02361,0.00271,-0.00013,High,Medium,0D4ADE24-F8F9-426B-9A53-397525FC4BD8,93578016-EFB6-4CCD-8513-95588F1271BF,E5BC55D0-2179-11F0-8213-7D09D15F2485
30832226,4,6,2,Bottom,InPlay,NULL,FlyBall,NULL,Out,1,0,NULL,85.70874,59.64989,6.26701,NULL,NULL,NULL,NULL,NULL,58.99319,NULL,NULL,104.6743,1.50802,2.56987,0.22015,183.5797,1.50801,63.13844,-21.29686,6.8125,-1.71379,0.35136,-0.03368,-0.01015,0.00328,2.56987,108.4779,-25.13991,2.11395,-0.13704,-0.01953,-0.01175,0.01123,-0.00248,0.22015,6.93361,-0.61594,0.04948,0.01446,-0.00644,0.00054,0.00043,-0.00012,High,NULL,0D4ADE24-F8F9-426B-9A53-397525FC4BD8,18860E77-537D-4733-9478-83CEB89DA4A6,A0DECEF0-2167-11F0-8213-7D09D15F2485
30832251,1,1,3,Bottom,InPlay,NULL,LineDrive,LineDrive,Out,1,0,NULL,95.39928,23.2725,4.002464,2008.57,109.962,41.52456,2.89179,331.0942,320.5526,-3.843194,3.983105,52.92111,1.54739,2.32342,0.30034,143.7822,1.547,128.2324,-22.07435,5.0312,-1.11428,0.23572,-0.04155,0.00469,-0.00022,2.32386,55.26722,-16.19546,0.61182,0.02284,-0.02711,0.00508,0.00013,-0.00008,0.30019,8.97887,-8.39379,2.47558,-0.62638,0.13348,-0.02225,0.00246,-0.00012,High,Medium,0D4ADE24-F8F9-426B-9A53-397525FC4BD8,13BC982B-B1EA-42D1-B878-A5AF123550B3,B5165DF0-2169-11F0-8213-7D09D15F2485
30832317,3,5,5,Bottom,InPlay,NULL,FlyBall,FlyBall,Out,1,0,NULL,96.65674,30.76136,19.62487,2120.828,103.4228,58.93007,37.46492,333.8434,327.6933,20.18135,4.75964,79.04392,2.46979,2.98531,0.30695,189.6028,2.46904,114.7616,-22.88203,5.76194,-1.49218,0.37814,-0.07604,0.00934,-0.00049,2.98773,72.44802,-19.7691,1.24648,0.17381,-0.18953,0.05721,-0.00782,0.00041,0.30665,40.92041,-6.38806,1.1045,-0.21567,0.05551,-0.01366,0.00199,-0.00012,High,High,0D4ADE24-F8F9-426B-9A53-397525FC4BD8,4B73B884-FCFE-4015-8973-58C9EFA9BAA1,EC544430-216E-11F0-8213-7D09D15F2485
30832455,4,3,9,Bottom,FoulBallNotFieldable,NULL,NULL,LineDrive,NULL,0,0,NULL,74.91919,23.4187,-150.6679,3081.974,-101.3031,15.32472,-42.86784,147.3833,50.3919,-160.006,1.818378,19.36778,-0.42448,2.51899,-0.55492,NULL,-0.42448,-87.90293,5.5643,1.01812,-0.44844,0.16087,-0.03793,0.00571,-0.00045,2.51899,43.67199,-32.13246,5.71006,-1.3331,0.30842,-0.05601,0.00814,-0.0007,-0.55492,-49.39367,14.09258,-1.40631,0.15974,0.02026,-0.01136,0.00167,-0.0001,High,Low,0D4ADE24-F8F9-426B-9A53-397525FC4BD8,F99172B2-8A29-4F9B-A7C6-84118890ABED,D80B6430-2179-11F0-8213-7D09D15F2485
30832303,3,5,5,Top,InPlay,NULL,LineDrive,LineDrive,Out,1,0,NULL,105.3606,18.79556,-8.189488,2073.625,108.8027,35.42161,-16.18186,378.0873,366.6532,-10.02662,4.031712,50.78369,1.51072,2.2501,0.38541,171.1784,1.51068,144.7973,-26.8674,6.49731,-1.41617,0.28028,-0.04323,0.00403,-0.00015,2.25042,49.77835,-12.4549,-0.61253,0.41782,-0.13429,0.02329,-0.00156,-0.00001,0.38536,-20.83661,1.86662,-0.27656,0.01082,0.0104,-0.00375,0.00061,-0.00004,High,High,0D4ADE24-F8F9-426B-9A53-397525FC4BD8,3D49DB89-C3E4-423F-8AEE-E2FF1F6E583D,D617EF10-216D-11F0-8213-7D09D15F2485
30832337,2,2,6,Bottom,InPlay,NULL,FlyBall,FlyBall,Out,1,0,NULL,96.7903,37.98738,-5.620904,3446.474,109.6709,83.21388,-8.49846,345.9177,332.7581,-5.760088,5.964867,119.3254,1.98933,2.67737,0.59619,186.6704,1.99785,111.1841,-24.01612,5.10213,-0.52206,-0.07156,0.03191,-0.00395,0.00017,2.66826,87.52378,-18.98242,1.64162,-0.49503,0.1248,-0.01621,0.00085,-0.00001,0.59437,-10.92174,4.25231,-1.44884,0.25249,-0.0123,-0.00355,0.00062,-0.00003,High,Medium,0D4ADE24-F8F9-426B-9A53-397525FC4BD8,4E6659D4-2A95-4A21-9E7E-2F4B093DC383,D531F480-2170-11F0-8213-7D09D15F2485
30832193,1,1,1,Bottom,InPlay,NULL,FlyBall,FlyBall,Out,1,0,NULL,91.84559,44.79952,10.79326,5375.849,105.8967,106.1327,29.7638,261.6227,123.1527,20.38201,5.821906,124.8268,1.76689,3.07905,0.57778,194.874,1.77256,93.77678,-27.5217,7.54853,-1.39996,0.14544,-0.00234,-0.00092,6.00E-05,3.07513,94.98232,-21.14907,0.9456,0.17607,-0.11877,0.03166,-0.00415,0.00021,0.5776,17.9074,0.84656,-0.84827,0.269,-0.04635,0.0034,6.00E-05,-0.00002,High,Low,0D4ADE24-F8F9-426B-9A53-397525FC4BD8,B6C194B7-65BE-4FD2-AE4D-580087408659,1FAF48C0-2165-11F0-8213-7D09D15F2485
30832384,5,4,7,Bottom,InPlay,NULL,FlyBall,FlyBall,Out,1,0,NULL,80.12462,47.47936,-6.146803,4181.094,109.62,103.5974,-9.1345,246.7804,245.1097,-3.839688,5.538396,111.2337,1.42865,3.31753,-0.82605,186.0166,1.43024,78.92306,-18.6187,4.97503,-0.84717,0.05868,0.00737,-0.0016,8.00E-05,3.31558,86.64829,-19.78559,1.08015,0.02683,-0.08405,0.03073,-0.00494,0.00029,-0.82607,-8.50117,3.80605,-1.26397,0.28273,-0.04035,0.00254,7.00E-05,-0.00001,High,Medium,0D4ADE24-F8F9-426B-9A53-397525FC4BD8,E5FA3E4C-EBCF-463A-A3A1-13BA193CCFE2,73A63240-2174-11F0-8213-7D09D15F2485
30832409,3,1,8,Bottom,FoulBallNotFieldable,NULL,NULL,Popup,NULL,0,0,NULL,64.99185,50.53187,-149.7154,5099.235,-97.60952,51.79015,-50.71836,162.192,60.50767,-154.3127,3.388973,55.90831,1.01078,2.13134,0.01047,10.28339,1.01017,-52.30279,0.28589,1.64674,-0.69008,0.20756,-0.02531,-0.00173,0.00047,2.13195,73.56418,-29.61917,3.64507,-0.35034,-0.18745,0.1001,-0.01901,0.00131,0.00992,-30.53817,2.50584,0.52008,-0.39943,0.16679,-0.03129,0.00135,0.00016,High,Low,0D4ADE24-F8F9-426B-9A53-397525FC4BD8,06E400BD-901A-40AB-ACCB-3EDA7D8E5C0F,A94CB700-2176-11F0-8213-7D09D15F2485
30832346,4,5,6,Bottom,InPlay,NULL,FlyBall,FlyBall,Double,0,1,NULL,79.47761,55.6652,12.05333,4964.861,109.845,121.0691,5.83709,197.0865,77.7333,0.031309,5.546924,121.1589,1.31718,3.63941,0.41447,159.1697,1.32052,64.22796,-15.2741,3.85033,-0.49513,-0.03518,0.02462,-0.00343,0.00016,3.63401,96.34069,-23.68032,2.2496,-0.34214,0.00562,0.01563,-0.00346,0.00023,0.41559,13.69868,-9.24595,2.89383,-0.46495,-0.01385,0.02164,-0.00355,0.00019,High,Low,0D4ADE24-F8F9-426B-9A53-397525FC4BD8,7AE1015D-1B5E-44A9-B00A-64CC3D34B3CF,701A7AD0-2171-11F0-8213-7D09D15F2485
30832373,2,6,7,Bottom,InPlay,NULL,LineDrive,LineDrive,Double,0,0,NULL,106.1094,14.75288,-31.42388,1874.514,91.31935,21.00886,-61.32404,258.3438,241.2856,-37.8937,2.289254,22.10868,1.73749,2.03736,-0.04158,99.07413,1.7375,128.4238,-25.33003,5.23165,-1.10334,0.15866,-0.00786,-0.00181,0.00023,2.03736,39.63038,-21.812,2.63662,-0.55135,0.10949,-0.01617,0.00182,-0.00013,-0.04157,-78.46261,2.36095,1.48083,-0.56459,0.13094,-0.01202,-0.00101,0.00025,Medium,Medium,0D4ADE24-F8F9-426B-9A53-397525FC4BD8,BDE91788-E87E-4392-9C7E-4E124661DE16,801FD1D0-2173-11F0-8213-7D09D15F2485
30832458,5,2,9,Bottom,InPlay,NULL,LineDrive,LineDrive,Single,0,1,NULL,81.22759,20.94022,-11.99669,1598.925,107.2654,31.09944,-24.37419,247.8652,246.6469,-15.17724,3.085518,32.76277,2.30151,2.07039,0.50388,161.8111,2.30165,108.8304,-17.67531,3.81494,-0.72732,0.12817,-0.0209,0.00241,-0.00012,2.07018,42.58444,-15.75668,0.83432,-0.09484,-0.03558,0.02486,-0.00541,0.00043,0.50383,-23.12553,1.35927,-0.4291,0.1326,-0.05417,0.01875,-0.00372,0.0003,High,High,0D4ADE24-F8F9-426B-9A53-397525FC4BD8,5C066620-AA5D-4015-910D-DE549BA4A5E1,64045E60-217A-11F0-8213-7D09D15F2485
30832307,1,4,5,Bottom,FoulBallNotFieldable,NULL,NULL,Popup,NULL,0,0,NULL,49.85871,59.04634,153.8188,5802.596,NULL,NULL,NULL,107.1669,46.47529,162.6716,3.30226,49.77062,0.70926,3.05211,-0.59704,332.2366,0.70964,-33.77184,-0.67711,0.44919,0.51837,-0.55895,0.24175,-0.04894,0.0038,3.05262,62.69437,-23.71,2.10924,-0.15801,-0.07437,0.01238,0.00333,-0.00069,-0.59657,16.57783,-4.35903,0.98132,0.13964,-0.20386,0.06615,-0.00873,0.00035,High,Medium,0D4ADE24-F8F9-426B-9A53-397525FC4BD8,587BC0FB-9BB3-48B0-9B7D-2E8CAE0C40A9,552E1D10-216E-11F0-8213-7D09D15F2485
30832263,4,4,3,Bottom,InPlay,NULL,FlyBall,NULL,Out,1,0,NULL,87.45818,53.10906,7.288445,4810.762,NULL,NULL,NULL,NULL,244.3533,NULL,NULL,116.702,1.93448,4.25388,0.01281,190.0627,1.93448,76.37857,-17.41864,4.76252,-1.11852,0.26604,-0.06561,0.01449,-0.00183,4.25388,102.5892,-23.53596,2.30402,-0.37678,0.04445,0.00072,-0.00324,0.00074,0.01281,9.76867,0.60242,-0.35798,0.12062,-0.0348,0.01001,-0.00258,0.00036,High,NULL,0D4ADE24-F8F9-426B-9A53-397525FC4BD8,5DE4906B-8977-441B-9A2A-F03580845EA7,8A7D1AB0-216A-11F0-8213-7D09D15F2485
30832173,2,4,1,Top,InPlay,NULL,FlyBall,FlyBall,Out,1,0,NULL,79.32698,37.85518,29.97137,5805.416,87.49395,69.38771,66.66933,249.9843,173.2513,45.03415,4.56113,74.39721,0.74132,3.42201,0.28183,217.2364,0.74656,79.45972,-20.90169,4.92416,-0.58035,-0.07674,0.03402,-0.0031,3.00E-05,3.42317,71.36143,-20.00406,0.7356,0.53344,-0.36879,0.11704,-0.01793,0.00105,0.28324,45.85722,-0.71616,-1.23148,0.73828,-0.28232,0.06899,-0.00921,0.0005,High,Medium,0D4ADE24-F8F9-426B-9A53-397525FC4BD8,1BD42150-7524-4948-A1E9-E4E596C5848C,95A9AF90-2163-11F0-8213-7D09D15F2485
30832462,7,1,9,Bottom,FoulBallNotFieldable,NULL,NULL,NULL,NULL,0,0,NULL,89.43515,48.258,-57.3053,2535.988,NULL,NULL,NULL,NULL,83.31821,NULL,NULL,83.2401,2.41812,3.22727,-0.62366,162.1882,2.41812,47.17288,-8.85311,2.05637,-0.43758,0.09793,-0.02193,0.00418,-0.00048,3.22727,97.87354,-24.69285,3.09931,-0.69743,0.15245,-0.03429,0.00665,-0.00074,-0.62366,-73.49427,10.65574,-2.42046,0.50731,-0.11307,0.02544,-0.00481,0.00054,High,NULL,0D4ADE24-F8F9-426B-9A53-397525FC4BD8,2261EA82-1384-4674-9B38-AF0816D42AD8,D4A8E2D0-217A-11F0-8213-7D09D15F2485
30832451,3,4,9,Bottom,FoulBallNotFieldable,NULL,NULL,NULL,NULL,0,0,NULL,73.38982,70.86925,138.5986,5916.471,NULL,NULL,NULL,NULL,17.21676,NULL,NULL,47.99763,1.02085,3.03683,-0.63859,343.9262,1.02085,-26.46016,-6.19185,3.32539,-1.0389,0.2773,-0.06954,0.01587,-0.00227,3.03683,101.6937,-31.00653,4.29709,-0.84693,0.14069,-0.02449,0.00461,-0.00091,-0.63859,23.32892,-5.69612,0.92172,-0.10695,-0.00132,0.00474,-0.00251,0.00062,High,NULL,0D4ADE24-F8F9-426B-9A53-397525FC4BD8,15B5421D-3A4B-443F-A8B4-599B2E35C21C,99607400-2179-11F0-8213-7D09D15F2485
30832267,2,2,4,Top,InPlay,NULL,LineDrive,LineDrive,Single,0,0,NULL,110.6679,11.35175,20.69886,1747.749,101.4126,12.76189,42.60647,205.8206,203.4379,25.45344,1.583234,12.78539,2.35029,1.97912,0.517,NULL,2.35029,148.8652,-24.46005,3.07206,-0.66876,0.16611,-0.05582,0.01948,-0.00336,1.97912,31.94822,-26.31656,4.46521,-0.98473,0.27477,-0.08466,0.02564,-0.00424,0.517,56.24811,0.05034,-0.4217,0.10144,-0.03168,0.01154,-0.00392,0.00069,Medium,High,0D4ADE24-F8F9-426B-9A53-397525FC4BD8,6D785374-99D9-4BC7-A70B-2767AB23A5A9,06CC6080-216B-11F0-8213-7D09D15F2485
30832463,7,2,9,Bottom,FoulBallNotFieldable,NULL,NULL,NULL,NULL,0,0,NULL,81.48002,64.64475,44.4618,5975.183,NULL,NULL,NULL,NULL,47.3244,NULL,NULL,89.95154,0.98404,2.594,0.51708,204.397,0.98404,36.52455,-19.36265,6.9814,-2.00941,0.5485,-0.15692,0.04169,-0.0065,2.594,107.9921,-31.60038,4.14754,-0.63324,0.06878,-0.0189,0.01161,-0.00291,0.51708,35.84473,-0.07177,-1.43927,0.65851,-0.21708,0.05655,-0.00992,0.00079,Medium,NULL,0D4ADE24-F8F9-426B-9A53-397525FC4BD8,25120E60-3A62-484A-BB0B-216184F906C7,E38B0170-217A-11F0-8213-7D09D15F2485
30832310,2,1,5,Bottom,FoulBallNotFieldable,NULL,NULL,LineDrive,NULL,0,0,NULL,103.3405,14.81944,34.39537,4513.774,84.41455,22.96189,70.52785,267.8163,244.0858,47.40215,2.603932,24.5803,-0.14726,2.8026,0.55223,NULL,-0.14725,120.9054,-30.61087,6.87111,-1.54602,0.2866,-0.04405,0.00468,-0.00022,2.8026,38.76659,-19.54743,2.4543,-0.50868,0.11029,-0.01947,0.0026,-0.00019,0.55222,82.77209,0.94538,-3.22392,1.30319,-0.38907,0.08487,-0.0123,0.00083,High,Medium,0D4ADE24-F8F9-426B-9A53-397525FC4BD8,373F50B4-6403-4E8E-82C7-133ED237E5C4,86BB5AF0-216E-11F0-8213-7D09D15F2485
30832334,1,2,6,Bottom,FoulBallNotFieldable,NULL,NULL,Popup,NULL,0,0,NULL,67.07073,48.4783,138.2467,5452.495,-93.59442,63.13805,57.79296,176.5478,58.50129,158.8786,3.860536,63.97917,1.10106,2.93725,0.11653,322.3656,1.10126,-48.65035,-0.52211,1.01092,-0.36624,0.17065,-0.05151,0.00795,-0.00049,2.93637,73.67698,-26.19709,3.33302,-0.96175,0.29765,-0.05902,0.00604,-0.00024,0.11523,43.4549,-7.93752,0.4802,0.00914,-0.15652,0.07808,-0.01506,0.00106,High,Low,0D4ADE24-F8F9-426B-9A53-397525FC4BD8,946D9CF7-5B4B-4372-A724-04FF983E8D55,AA3A3300-2170-11F0-8213-7D09D15F2485
30832243,4,3,3,Top,FoulBallNotFieldable,NULL,NULL,NULL,NULL,0,0,NULL,82.11585,59.34444,69.62563,6231.604,NULL,NULL,NULL,NULL,51.04465,NULL,NULL,80.02393,0.488,3.10826,-0.05441,NULL,0.488,21.37922,-19.04264,7.47278,-2.27318,0.62519,-0.15942,0.03157,-0.00316,3.10826,103.6052,-31.35676,4.09012,-0.59344,0.02946,0.01822,-0.00966,0.00225,-0.05441,57.56582,-9.67858,1.75677,-0.20983,-0.00977,0.01771,-0.00844,0.00199,Medium,NULL,0D4ADE24-F8F9-426B-9A53-397525FC4BD8,3B8B2970-A60B-4C94-8B41-51704EE8A3B7,FCE9EDF0-2168-11F0-8213-7D09D15F2485
30832273,4,1,4,Top,FoulBallNotFieldable,NULL,NULL,FlyBall,NULL,0,0,NULL,73.93275,25.43206,-171.088,2960.897,-108.0683,22.86584,-20.52376,172.1607,51.08052,-167.5424,2.077557,24.76943,1.85847,3.66626,0.17771,349.3368,1.85844,-96.74161,7.62722,-0.18948,-0.2651,0.3444,-0.20857,0.06791,-0.00912,3.66626,46.56625,-28.46237,3.57636,-0.74921,0.14464,-0.02069,0.00292,-0.00027,0.17772,-15.17168,-0.4224,-0.6929,0.27415,-0.16861,0.08601,-0.02696,0.00359,High,Low,0D4ADE24-F8F9-426B-9A53-397525FC4BD8,7954CDEA-2649-47E5-B75D-74106FE4D5F9,75819810-216B-11F0-8213-7D09D15F2485
30832227,5,1,2,Bottom,FoulBallNotFieldable,NULL,NULL,NULL,NULL,0,0,NULL,88.06765,62.15493,70.19933,5614.586,NULL,NULL,NULL,NULL,49.97253,NULL,NULL,79.53697,0.17013,1.8155,0.44274,NULL,0.17013,20.43705,-20.35674,8.28165,-2.62417,0.75806,-0.20522,0.04577,-0.00589,1.8155,114.2101,-37.97335,6.19358,-1.16322,0.16414,-0.01189,-0.00263,0.00076,0.44274,56.76404,-3.8424,-1.14376,0.78824,-0.32056,0.10495,-0.02672,0.00368,Low,NULL,0D4ADE24-F8F9-426B-9A53-397525FC4BD8,177FB45B-F6BB-4AD5-8612-9561DE0E1588,BFFE7D80-2167-11F0-8213-7D09D15F2485
30832449,3,2,9,Bottom,FoulBallNotFieldable,NULL,NULL,NULL,NULL,0,0,NULL,85.33115,77.38142,100.3546,5789.227,NULL,NULL,NULL,NULL,30.16375,NULL,NULL,80.79469,NULL,NULL,NULL,NULL,4.32726,-4.91423,9.02468,-3.9559,1.27795,-0.37679,0.10417,-0.02426,0.00334,4.48595,122.1292,-41.50414,7.35311,-1.48666,0.24955,-0.03132,0.00043,0.00068,3.42642,26.89542,9.68087,-5.9545,2.16912,-0.69094,0.20139,-0.04876,0.00686,Low,NULL,0D4ADE24-F8F9-426B-9A53-397525FC4BD8,D9B9BBEF-5A43-4115-B995-98E28E822BD2,7F417100-2179-11F0-8213-7D09D15F2485
30832417,4,5,8,Bottom,FoulBallNotFieldable,NULL,NULL,LineDrive,NULL,0,0,NULL,75.24476,21.38402,168.2545,3616.462,-109.2097,20.67747,13.15994,178.3748,50.41556,175.6748,2.057242,21.75473,0.00078,3.43235,-0.404,297.9932,0.00077,-100.6096,8.78257,-1.2747,0.21823,-0.05026,0.02589,-0.00878,0.00121,3.43235,40.2386,-24.11962,2.62508,-0.53387,0.07732,0.00175,-0.0039,0.00063,-0.40401,20.91878,-10.32526,2.47937,-0.46123,-0.08109,0.13029,-0.05105,0.00707,High,Low,0D4ADE24-F8F9-426B-9A53-397525FC4BD8,A398A037-FD90-481A-BF75-E594F3ACF7BB,1B145EB0-2177-11F0-8213-7D09D15F2485
30832285,3,2,4,Bottom,FoulBallNotFieldable,NULL,NULL,NULL,NULL,0,0,NULL,88.71222,55.5168,36.51435,5135.806,NULL,NULL,NULL,NULL,73.64371,NULL,NULL,103.7724,0.76624,3.36675,0.55531,200.2291,0.76625,59.20372,-19.66565,5.84407,-2.23231,2.43143,-2.42375,1.27291,-0.2642,3.36674,107.25,-25.5006,2.62523,-0.08886,-0.84891,1.03442,-0.56623,0.11935,0.5553,43.83214,-4.8999,0.83667,-0.0438,-0.16977,0.21218,-0.11727,0.02485,High,NULL,0D4ADE24-F8F9-426B-9A53-397525FC4BD8,59A9CDA3-2266-4A9D-85B6-F24710309784,70D64300-216C-11F0-8213-7D09D15F2485
30832385,1,1,8,Top,FoulBallNotFieldable,NULL,NULL,LineDrive,NULL,0,0,NULL,73.22664,11.79515,-171.8068,2216.116,NULL,NULL,NULL,115.9178,51.3015,-173.6535,1.228738,8.65193,1.0123,2.91306,0.39886,32.49586,1.01232,-104.0612,7.58251,-0.30705,1.53537,-2.86545,2.95383,-1.53855,0.31363,2.91306,21.9542,-22.04472,2.23673,-0.62471,0.57429,-0.53134,0.28819,-0.06349,0.39886,-14.9836,3.8831,-0.60346,0.6825,-1.11963,1.13714,-0.59456,0.12227,High,Medium,0D4ADE24-F8F9-426B-9A53-397525FC4BD8,29AA161D-1AF1-48AC-9141-9FFF4169FAB1,C8AF9B00-2174-11F0-8213-7D09D15F2485
30832184,6,1,1,Top,FoulBallNotFieldable,NULL,NULL,NULL,NULL,0,0,NULL,74.49018,35.12938,163.1268,4573.433,NULL,NULL,NULL,NULL,50.14009,NULL,NULL,31.56656,0.1445,3.78874,0.61834,319.1306,0.1445,-85.5057,4.963,0.32829,-0.10855,-0.2229,0.60144,-0.63768,0.26206,3.78874,62.86633,-28.53888,3.66618,-0.72031,-0.18065,0.68392,-0.72694,0.29556,0.61834,25.93487,-9.12103,1.84497,-0.33529,-0.20812,0.57667,-0.60429,0.24534,High,NULL,0D4ADE24-F8F9-426B-9A53-397525FC4BD8,70F3B54E-8B40-4CF4-AE01-75BFAE64FA1B,5AB36D80-2164-11F0-8213-7D09D15F2485
30832349,5,3,6,Bottom,FoulBallNotFieldable,NULL,NULL,NULL,NULL,0,0,NULL,72.70996,33.9989,161.1097,4225.53,NULL,NULL,NULL,NULL,50.53763,NULL,NULL,29.55758,0.22091,3.03764,0.19384,321.0402,0.22091,-83.64886,4.64102,0.49843,-0.09682,-0.21823,0.62113,-0.73462,0.34642,3.03764,59.63122,-27.73479,3.42642,-0.55564,-0.5369,1.50855,-1.77205,0.83351,0.19384,28.62357,-8.33064,1.09416,-0.14029,-0.27337,0.66712,-0.77574,0.36419,High,NULL,0D4ADE24-F8F9-426B-9A53-397525FC4BD8,012CBA2A-DC2C-47C3-BD5E-19DE4C521413,C8D4DDA0-2171-11F0-8213-7D09D15F2485
30832440,1,4,9,Bottom,FoulBallNotFieldable,NULL,NULL,NULL,NULL,0,0,NULL,75.1121,35.4856,169.7568,4497.392,NULL,NULL,NULL,NULL,51.00846,NULL,NULL,32.26244,1.28179,3.53173,-0.70884,326.876,1.28179,-88.27278,6.06566,-0.11269,-0.00488,-0.16302,0.57079,-0.83152,0.46767,3.53173,63.95016,-30.02604,4.00628,-0.82354,-0.2262,1.11637,-1.58035,0.86156,-0.70884,15.95154,-7.32272,1.42461,-0.27189,-0.15581,0.58833,-0.82344,0.44806,High,NULL,0D4ADE24-F8F9-426B-9A53-397525FC4BD8,2E44F4AA-A3C6-4CDD-B08B-56EE6DD9B145,D5A86360-2178-11F0-8213-7D09D15F2485
30832288,3,5,4,Bottom,InPlay,NULL,FlyBall,FlyBall,Out,1,0,NULL,99.32591,31.98789,-2.978415,2901.839,109.9556,66.48984,-3.11377,365.4019,361.0091,2.169447,5.465009,98.57514,1.40783,2.86624,-0.69995,194.8341,1.4109,123.3355,-25.53056,6.06232,-1.20655,0.20199,-0.02779,0.00271,-0.00012,2.86654,77.15899,-17.05662,0.48368,0.20904,-0.12437,0.03228,-0.00406,0.0002,-0.70074,-6.40345,5.25531,-1.62141,0.37126,-0.06046,0.00629,-0.00038,1.00E-05,High,Medium,0D4ADE24-F8F9-426B-9A53-397525FC4BD8,179BAFFA-4700-46DB-B97D-5ABB3EFE0FBA,A8188850-216C-11F0-8213-7D09D15F2485
30832218,2,2,2,Bottom,InPlay,NULL,FlyBall,FlyBall,Out,1,0,NULL,79.50326,46.94522,29.4391,NULL,89.90422,97.62734,63.38118,232.356,224.5827,39.5976,5.243426,102.0715,0.84081,2.78277,-1.10906,200.2646,0.84545,69.22219,-19.03148,4.85946,-0.60816,-0.07472,0.04323,-0.00631,0.00032,2.77778,85.2949,-21.19978,1.70388,-0.30886,0.04282,0.00223,-0.00149,0.00012,-1.1083,39.11111,-3.86129,0.44264,0.05026,-0.03689,0.00758,-0.00071,3.00E-05,High,Low,0D4ADE24-F8F9-426B-9A53-397525FC4BD8,BE9A0107-764E-4EAE-A97A-0E12710B0F90,164516A0-2167-11F0-8213-7D09D15F2485
30832283,2,6,4,Bottom,InPlay,NULL,FlyBall,FlyBall,Out,1,0,NULL,80.77806,32.83474,-27.58072,2394.389,95.45269,58.39144,-54.66933,316.4644,306.425,-33.38876,4.464822,69.10952,1.70931,3.14125,-0.73516,155.6556,1.71066,88.20568,-14.05893,3.06985,-0.4618,0.03366,-0.00049,0.00034,-0.00006,3.14101,64.23738,-17.1189,0.86672,-0.03029,-0.06029,0.02695,-0.00475,0.0003,-0.73555,-46.08106,3.18432,-0.59841,0.06825,-0.00074,0,-0.00023,3.00E-05,High,Medium,0D4ADE24-F8F9-426B-9A53-397525FC4BD8,124468ED-5832-4A83-8F73-6A71BCE3FDA8,4DE82750-216C-11F0-8213-7D09D15F2485
30832390,1,6,8,Top,InPlay,NULL,FlyBall,FlyBall,Out,1,0,NULL,84.31879,32.34416,-22.43109,4135.271,98.30862,57.6672,-49.34982,307.0455,279.4349,-33.87223,4.432428,68.63985,1.15598,2.39903,-0.79469,143.4583,1.15544,96.59057,-18.39993,4.38574,-1.08586,0.28606,-0.06357,0.00867,-0.0005,2.40014,66.13363,-18.52665,1.12688,0.0536,-0.12324,0.04227,-0.00637,0.00036,-0.79448,-39.8722,0.20564,0.07221,0.00214,-0.01765,0.00725,-0.00121,7.00E-05,High,Medium,0D4ADE24-F8F9-426B-9A53-397525FC4BD8,CC3064CE-A0C8-4C02-886B-19E474A2A1E7,0F97EB30-2175-11F0-8213-7D09D15F2485
30832174,3,1,1,Top,FoulBallNotFieldable,NULL,NULL,NULL,NULL,0,0,NULL,68.13811,64.08014,-106.3918,4840.518,NULL,NULL,NULL,NULL,11.54143,NULL,NULL,25.47999,1.42031,3.77709,-0.25446,17.94145,1.42158,-12.39254,-5.76371,NULL,NULL,NULL,NULL,NULL,NULL,3.77759,89.8576,-21.94922,NULL,NULL,NULL,NULL,NULL,NULL,-0.25324,-41.97049,-4.05016,NULL,NULL,NULL,NULL,NULL,NULL,Medium,NULL,0D4ADE24-F8F9-426B-9A53-397525FC4BD8,F9A4D776-16D7-4B64-BB3C-7051013EDA37,AF5EA620-2163-11F0-8213-7D09D15F2485
30832177,3,4,1,Top,InPlay,NULL,GroundBall,GroundBall,FieldersChoice,0,1,NULL,100.6706,-3.275368,26.94177,NULL,NULL,NULL,NULL,40.58894,37.31319,26.96546,0.270884,3.11172,2.35676,3.11172,0.4172,255.4952,2.36119,131.1923,-23.53941,NULL,NULL,NULL,NULL,NULL,NULL,3.11207,-8.45307,-11.21065,NULL,NULL,NULL,NULL,NULL,NULL,0.41659,66.81923,-1.51398,NULL,NULL,NULL,NULL,NULL,NULL,High,High,0D4ADE24-F8F9-426B-9A53-397525FC4BD8,4214A2F8-BCE4-4782-AFB1-1539154266D1,CC0676E0-2163-11F0-8213-7D09D15F2485
30832180,4,3,1,Top,InPlay,NULL,GroundBall,GroundBall,Out,1,0,NULL,63.75062,0.220643,2.227253,2472.263,NULL,NULL,NULL,36.07223,35.01292,3.699478,0.381126,2.97345,1.80306,2.97256,0.83831,349.1154,1.80388,93.40029,-9.67183,NULL,NULL,NULL,NULL,NULL,NULL,2.97792,0.17302,-20.99058,NULL,NULL,NULL,NULL,NULL,NULL,0.8378,3.65141,0.67833,NULL,NULL,NULL,NULL,NULL,NULL,High,High,0D4ADE24-F8F9-426B-9A53-397525FC4BD8,48282553-D431-4AA9-98F9-EFF8D863B88B,F8E7DFF0-2163-11F0-8213-7D09D15F2485
30832182,5,2,1,Top,FoulBallNotFieldable,NULL,NULL,NULL,NULL,0,0,NULL,NULL,NULL,NULL,NULL,NULL,NULL,NULL,NULL,NULL,NULL,NULL,NULL,NULL,NULL,NULL,NULL,NULL,NULL,NULL,NULL,NULL,NULL,NULL,NULL,NULL,NULL,NULL,NULL,NULL,NULL,NULL,NULL,NULL,NULL,NULL,NULL,NULL,NULL,NULL,NULL,NULL,NULL,NULL,NULL,NULL,0D4ADE24-F8F9-426B-9A53-397525FC4BD8,4E7EAEB8-1A92-4F85-BCE5-E95C2339F520,2ACCB3B0-2164-11F0-8213-7D09D15F2485
30832185,6,2,1,Top,FoulBallNotFieldable,NULL,NULL,NULL,NULL,0,0,NULL,NULL,NULL,NULL,NULL,NULL,NULL,NULL,NULL,NULL,NULL,NULL,NULL,NULL,NULL,NULL,NULL,NULL,NULL,NULL,NULL,NULL,NULL,NULL,NULL,NULL,NULL,NULL,NULL,NULL,NULL,NULL,NULL,NULL,NULL,NULL,NULL,NULL,NULL,NULL,NULL,NULL,NULL,NULL,NULL,NULL,0D4ADE24-F8F9-426B-9A53-397525FC4BD8,46D8BB39-7129-4F57-BA30-EF36A0647969,6B233100-2164-11F0-8213-7D09D15F2485
30832186,6,4,1,Top,InPlay,NULL,GroundBall,GroundBall,Single,0,0,NULL,104.2391,-3.227226,-31.60345,NULL,NULL,NULL,NULL,31.35536,27.84922,-31.61801,0.200087,2.24706,1.72514,2.24706,-0.24695,92.7035,1.72657,129.9097,-25.48115,NULL,NULL,NULL,NULL,NULL,NULL,2.24736,-8.62651,-13.03184,NULL,NULL,NULL,NULL,NULL,NULL,-0.24599,-80.05308,-4.38474,NULL,NULL,NULL,NULL,NULL,NULL,High,High,0D4ADE24-F8F9-426B-9A53-397525FC4BD8,F72D87EC-A5E8-4781-9078-2E4D73E4764A,78EBC950-2164-11F0-8213-7D09D15F2485
30832195,2,2,1,Bottom,InPlay,NULL,GroundBall,GroundBall,Out,1,0,NULL,57.58305,-53.27235,-99.25894,NULL,NULL,NULL,NULL,2.73578,2.67607,-22.33331,0.022172,1.50579,2.71134,1.50579,0.0693,NULL,2.71143,-8.15296,NULL,NULL,NULL,NULL,NULL,NULL,NULL,1.50659,-67.9133,NULL,NULL,NULL,NULL,NULL,NULL,NULL,0.06989,-50.01183,NULL,NULL,NULL,NULL,NULL,NULL,NULL,Estimated,Estimated,0D4ADE24-F8F9-426B-9A53-397525FC4BD8,ACE3E95E-90F7-488C-B8F8-F19CCEDE98AA,3E42BCE0-2165-11F0-8213-7D09D15F2485
30832197,3,2,1,Bottom,InPlay,NULL,GroundBall,GroundBall,Out,1,0,NULL,46.63901,-29.69078,-41.67247,NULL,NULL,NULL,NULL,5.52692,5.52692,-19.56911,0.047728,1.62583,3.07776,1.62583,0.04465,NULL,3.07592,44.62568,NULL,NULL,NULL,NULL,NULL,NULL,NULL,1.62723,-34.0642,NULL,NULL,NULL,NULL,NULL,NULL,NULL,0.04628,-39.72158,NULL,NULL,NULL,NULL,NULL,NULL,NULL,Estimated,Estimated,0D4ADE24-F8F9-426B-9A53-397525FC4BD8,7BA0FADF-7CD2-4851-B892-78292A7DFFD2,5D9896A0-2165-11F0-8213-7D09D15F2485
30832200,1,3,2,Top,InPlay,NULL,GroundBall,GroundBall,Out,1,0,NULL,61.15575,-38.94321,43.31255,NULL,NULL,NULL,NULL,5.08909,5.08909,35.26955,0.048808,2.76634,1.66426,2.76634,0.59041,NULL,1.66214,51.03072,NULL,NULL,NULL,NULL,NULL,NULL,NULL,2.76869,-56.67798,NULL,NULL,NULL,NULL,NULL,NULL,NULL,0.58841,48.11002,NULL,NULL,NULL,NULL,NULL,NULL,NULL,Estimated,Estimated,0D4ADE24-F8F9-426B-9A53-397525FC4BD8,406BA311-B6AE-4CB5-BC87-B0DC5AB0CC3C,BF463BF0-2165-11F0-8213-7D09D15F2485
30832204,2,4,2,Top,FoulBallNotFieldable,NULL,NULL,NULL,NULL,0,0,NULL,NULL,NULL,NULL,NULL,NULL,NULL,NULL,NULL,NULL,NULL,NULL,NULL,NULL,NULL,NULL,NULL,NULL,NULL,NULL,NULL,NULL,NULL,NULL,NULL,NULL,NULL,NULL,NULL,NULL,NULL,NULL,NULL,NULL,NULL,NULL,NULL,NULL,NULL,NULL,NULL,NULL,NULL,NULL,NULL,NULL,0D4ADE24-F8F9-426B-9A53-397525FC4BD8,3D521FED-C026-43A1-9298-6BBD45A336E3,F4B288C0-2165-11F0-8213-7D09D15F2485
30832205,2,5,2,Top,FoulBallNotFieldable,NULL,NULL,NULL,NULL,0,0,NULL,66.14365,11.78257,108.741,7316.797,NULL,NULL,NULL,NULL,21.69504,NULL,NULL,5.4433,1.89222,2.12593,1.50248,NULL,1.8919,-30.49233,14.22374,NULL,NULL,NULL,NULL,NULL,NULL,2.12609,19.79989,-21.18965,NULL,NULL,NULL,NULL,NULL,NULL,1.50138,89.99741,2.49154,NULL,NULL,NULL,NULL,NULL,NULL,Medium,NULL,0D4ADE24-F8F9-426B-9A53-397525FC4BD8,B8B5E8FD-EB65-40AC-8579-D4E1C9E9697A,018660D0-2166-11F0-8213-7D09D15F2485
30832207,2,7,2,Top,InPlay,NULL,GroundBall,GroundBall,Single,0,0,NULL,81.30506,-56.23017,-64.57428,NULL,NULL,NULL,NULL,3.5942,2.56107,-25.18092,0.028959,2.87964,2.42592,2.87964,0.2098,NULL,2.4255,28.54808,NULL,NULL,NULL,NULL,NULL,NULL,NULL,2.88109,-99.43906,NULL,NULL,NULL,NULL,NULL,NULL,NULL,0.21068,-60.05254,NULL,NULL,NULL,NULL,NULL,NULL,NULL,Low,Low,0D4ADE24-F8F9-426B-9A53-397525FC4BD8,8A9C8A08-A6FC-4385-8E70-8FDC723EB53D,14824D70-2166-11F0-8213-7D09D15F2485
30832209,3,2,2,Top,InPlay,NULL,GroundBall,GroundBall,Single,0,1,NULL,96.63816,1.958036,28.39321,2859.54,NULL,NULL,NULL,40.53641,40.53641,30.22494,0.283519,2.14898,1.74582,2.01709,0.99815,NULL,1.74568,124.6212,-25.53279,NULL,NULL,NULL,NULL,NULL,NULL,2.02614,4.41865,-40.90037,NULL,NULL,NULL,NULL,NULL,NULL,0.99287,67.60726,3.11164,NULL,NULL,NULL,NULL,NULL,NULL,Medium,High,0D4ADE24-F8F9-426B-9A53-397525FC4BD8,8B5E04D6-C88D-4829-BD66-0A2D0EEE15E0,4A768EF0-2166-11F0-8213-7D09D15F2485
30832210,4,1,2,Top,InPlay,NULL,GroundBall,GroundBall,Out,1,0,NULL,109.893,1.100235,3.637441,1155.401,NULL,NULL,NULL,62.22015,57.13676,4.62758,0.403321,2.49234,1.33437,2.39166,0.2281,318.4333,1.34794,160.3707,-24.74011,NULL,NULL,NULL,NULL,NULL,NULL,2.4025,2.73389,-21.61127,NULL,NULL,NULL,NULL,NULL,NULL,0.22362,10.37345,3.79053,NULL,NULL,NULL,NULL,NULL,NULL,High,Medium,0D4ADE24-F8F9-426B-9A53-397525FC4BD8,49C9A2D6-7C3B-4413-8795-A51CA260EE1B,6C39BF30-2166-11F0-8213-7D09D15F2485
30832212,5,2,2,Top,InPlay,NULL,GroundBall,GroundBall,Out,1,0,NULL,94.65018,-9.107792,17.76535,NULL,NULL,NULL,NULL,18.38327,3.264,17.39913,0.113578,2.49995,2.69163,2.49995,0.73901,NULL,2.68764,130.752,NULL,NULL,NULL,NULL,NULL,NULL,NULL,2.50062,-22.01093,NULL,NULL,NULL,NULL,NULL,NULL,NULL,0.73773,41.89268,NULL,NULL,NULL,NULL,NULL,NULL,NULL,Low,Low,0D4ADE24-F8F9-426B-9A53-397525FC4BD8,50E01FD9-409F-4203-914B-CC5C8EF1E68E,87E64000-2166-11F0-8213-7D09D15F2485
30832224,4,4,2,Bottom,FoulBallNotFieldable,NULL,NULL,NULL,NULL,0,0,NULL,NULL,NULL,NULL,NULL,NULL,NULL,NULL,NULL,NULL,NULL,NULL,NULL,NULL,NULL,NULL,NULL,NULL,NULL,NULL,NULL,NULL,NULL,NULL,NULL,NULL,NULL,NULL,NULL,NULL,NULL,NULL,NULL,NULL,NULL,NULL,NULL,NULL,NULL,NULL,NULL,NULL,NULL,NULL,NULL,NULL,0D4ADE24-F8F9-426B-9A53-397525FC4BD8,41C26AE9-F990-4F76-A6C9-286CC4B1974E,7C6446E0-2167-11F0-8213-7D09D15F2485
30832230,5,4,2,Bottom,FoulBallNotFieldable,NULL,NULL,GroundBall,NULL,0,0,NULL,63.21235,4.754732,174.8537,2179.668,NULL,NULL,NULL,57.47211,47.32463,174.7932,0.605365,4.19528,NULL,NULL,NULL,6.756028,-2.87055,-92.20371,3.94059,NULL,NULL,NULL,NULL,NULL,NULL,3.55562,7.49332,-22.10354,NULL,NULL,NULL,NULL,NULL,NULL,0.04795,8.31826,0.36422,NULL,NULL,NULL,NULL,NULL,NULL,High,Medium,0D4ADE24-F8F9-426B-9A53-397525FC4BD8,4C38E0A0-DAA8-478D-BA30-F5BC75E61003,F0F2FDD0-2167-11F0-8213-7D09D15F2485
30832240,3,2,3,Top,InPlay,NULL,GroundBall,GroundBall,Single,0,1,NULL,101.7117,-4.710909,3.205122,NULL,NULL,NULL,NULL,30.28816,28.85222,2.799034,0.207991,3.27402,0.45403,3.27402,-0.29344,322.4492,0.45607,148.3104,-24.34841,NULL,NULL,NULL,NULL,NULL,NULL,3.27493,-12.31011,-16.54012,NULL,NULL,NULL,NULL,NULL,NULL,-0.29363,8.32479,0.95673,NULL,NULL,NULL,NULL,NULL,NULL,High,High,0D4ADE24-F8F9-426B-9A53-397525FC4BD8,B4F04EDF-0BEF-48A3-8B22-F0F17C594A86,C91AFD70-2168-11F0-8213-7D09D15F2485
30832245,4,5,3,Top,FoulBallNotFieldable,NULL,NULL,LineDrive,NULL,0,0,NULL,78.6214,15.52085,171.1918,3211.498,-109.4856,10.67818,10.62582,149.5069,50.88749,175.6962,1.597084,13.72006,1.52691,2.99837,0.26245,304.0193,1.40808,-108.7552,9.1332,NULL,NULL,NULL,NULL,NULL,NULL,3.32138,28.04658,-18.97357,NULL,NULL,NULL,NULL,NULL,NULL,0.48474,15.05102,-5.28812,NULL,NULL,NULL,NULL,NULL,NULL,High,Low,0D4ADE24-F8F9-426B-9A53-397525FC4BD8,54034598-EB43-4CCA-8C10-7E65BFF1AFDC,2000A040-2169-11F0-8213-7D09D15F2485
30832246,4,6,3,Top,InPlay,NULL,GroundBall,GroundBall,Out,2,1,NULL,97.14498,-4.631151,-13.40065,NULL,NULL,NULL,NULL,29.71949,28.12279,-13.91752,0.200117,2.96423,2.10808,2.96423,0.30874,84.54359,2.10822,138.1386,-22.60427,NULL,NULL,NULL,NULL,NULL,NULL,2.96485,-11.54512,-16.36083,NULL,NULL,NULL,NULL,NULL,NULL,0.31084,-33.05158,-21.15021,NULL,NULL,NULL,NULL,NULL,NULL,Medium,High,0D4ADE24-F8F9-426B-9A53-397525FC4BD8,D365EF19-22AA-46B1-9759-D5738A56287F,2D86B150-2169-11F0-8213-7D09D15F2485
30832249,5,3,3,Top,FoulBallNotFieldable,NULL,NULL,NULL,NULL,0,0,NULL,NULL,NULL,NULL,NULL,NULL,NULL,NULL,NULL,NULL,NULL,NULL,NULL,NULL,NULL,NULL,NULL,NULL,NULL,NULL,NULL,NULL,NULL,NULL,NULL,NULL,NULL,NULL,NULL,NULL,NULL,NULL,NULL,NULL,NULL,NULL,NULL,NULL,NULL,NULL,NULL,NULL,NULL,NULL,NULL,NULL,0D4ADE24-F8F9-426B-9A53-397525FC4BD8,D4F12AD9-AFF5-4C4A-B0F2-15FE20E5D008,51A3D720-2169-11F0-8213-7D09D15F2485
30832250,5,4,3,Top,InPlay,NULL,GroundBall,GroundBall,Out,1,0,NULL,94.6975,-20.77389,-0.26494,NULL,NULL,NULL,NULL,8.17494,8.17494,7.677312,0.049348,2.43542,1.68162,2.43542,1.12181,180,1.67971,130.0986,NULL,NULL,NULL,NULL,NULL,NULL,NULL,2.43615,-49.35253,NULL,NULL,NULL,NULL,NULL,NULL,NULL,1.12182,-0.60159,NULL,NULL,NULL,NULL,NULL,NULL,NULL,Medium,High,0D4ADE24-F8F9-426B-9A53-397525FC4BD8,59431D2D-B536-47F8-939D-8D428A5EB390,5F48E1E0-2169-11F0-8213-7D09D15F2485
30832264,1,1,4,Top,FoulBallNotFieldable,NULL,NULL,GroundBall,NULL,0,0,NULL,102.1456,-5.020581,-48.54755,NULL,NULL,NULL,NULL,28.57482,26.25653,-45.70329,0.178168,2.75259,2.67535,2.75259,-0.48901,96.93827,2.67548,98.78637,-10.08802,NULL,NULL,NULL,NULL,NULL,NULL,2.75266,-13.11567,-13.10314,NULL,NULL,NULL,NULL,NULL,NULL,-0.48893,-111.8606,-1.04368,NULL,NULL,NULL,NULL,NULL,NULL,High,Medium,0D4ADE24-F8F9-426B-9A53-397525FC4BD8,BF480917-16FE-4916-A769-79D0763EC652,DA72C510-216A-11F0-8213-7D09D15F2485
30832275,4,3,4,Top,InPlay,NULL,GroundBall,GroundBall,Out,1,0,NULL,100.6826,2.970499,3.644103,963.0557,NULL,NULL,NULL,85.01319,84.44961,1.626551,0.610547,3.75184,1.79396,3.0865,-0.17496,57.64336,1.8164,146.6766,-17.1999,NULL,NULL,NULL,NULL,NULL,NULL,3.11186,7.09208,-20.0276,NULL,NULL,NULL,NULL,NULL,NULL,-0.15469,8.92327,-7.77723,NULL,NULL,NULL,NULL,NULL,NULL,High,High,0D4ADE24-F8F9-426B-9A53-397525FC4BD8,2A65D8A1-2DDD-4B6D-BC2F-344F83FB73C5,8D95FE00-216B-11F0-8213-7D09D15F2485
30832282,2,5,4,Bottom,FoulBallNotFieldable,NULL,NULL,NULL,NULL,0,0,NULL,NULL,NULL,NULL,NULL,NULL,NULL,NULL,NULL,NULL,NULL,NULL,NULL,NULL,NULL,NULL,NULL,NULL,NULL,NULL,NULL,NULL,NULL,NULL,NULL,NULL,NULL,NULL,NULL,NULL,NULL,NULL,NULL,NULL,NULL,NULL,NULL,NULL,NULL,NULL,NULL,NULL,NULL,NULL,NULL,NULL,0D4ADE24-F8F9-426B-9A53-397525FC4BD8,9353365A-6957-4C7F-9165-1380B1B8F496,3A3BD670-216C-11F0-8213-7D09D15F2485
30832291,1,2,5,Top,FoulBallNotFieldable,NULL,NULL,NULL,NULL,0,0,NULL,NULL,NULL,NULL,NULL,NULL,NULL,NULL,NULL,NULL,NULL,NULL,NULL,NULL,NULL,NULL,NULL,NULL,NULL,NULL,NULL,NULL,NULL,NULL,NULL,NULL,NULL,NULL,NULL,NULL,NULL,NULL,NULL,NULL,NULL,NULL,NULL,NULL,NULL,NULL,NULL,NULL,NULL,NULL,NULL,NULL,0D4ADE24-F8F9-426B-9A53-397525FC4BD8,9A17A152-B35C-49C6-AB37-B07CB22258CA,4C608070-216D-11F0-8213-7D09D15F2485
30832298,2,3,5,Top,InPlay,NULL,GroundBall,GroundBall,Out,1,0,NULL,92.71207,4.761873,35.82722,2878.773,NULL,NULL,NULL,83.61874,81.37524,39.86897,0.652096,3.97035,1.06221,2.69349,1.65825,NULL,1.09225,109.2488,-19.24345,NULL,NULL,NULL,NULL,NULL,NULL,2.72954,10.54247,-22.66548,NULL,NULL,NULL,NULL,NULL,NULL,1.63461,79.81239,-0.13135,NULL,NULL,NULL,NULL,NULL,NULL,Medium,Medium,0D4ADE24-F8F9-426B-9A53-397525FC4BD8,35CC82D9-7FCE-4FF8-88E0-2A5C56E1AE62,991B2410-216D-11F0-8213-7D09D15F2485
30832306,1,3,5,Bottom,FoulBallNotFieldable,NULL,NULL,LineDrive,NULL,0,0,NULL,104.5642,8.619454,-43.12478,3667.583,77.16797,5.22402,-78.39041,140.7325,140.7325,-46.40399,1.08291,7.77595,1.91265,2.68171,-0.26397,NULL,2.13731,107.7806,-18.76418,NULL,NULL,NULL,NULL,NULL,NULL,2.87874,20.44733,-21.48287,NULL,NULL,NULL,NULL,NULL,NULL,-0.28902,-103.3545,8.79743,NULL,NULL,NULL,NULL,NULL,NULL,Medium,High,0D4ADE24-F8F9-426B-9A53-397525FC4BD8,CCD48939-1EC0-4A3E-8C35-C20D8EF183D3,42E83A00-216E-11F0-8213-7D09D15F2485
30832312,2,3,5,Bottom,InPlay,NULL,GroundBall,GroundBall,Out,2,0,NULL,86.55496,-4.803069,3.815058,2504.462,NULL,NULL,NULL,29.86327,28.49101,4.023784,0.239004,3.77268,0.74101,3.77268,-0.07847,331.1131,0.74267,126.1289,-19.25645,NULL,NULL,NULL,NULL,NULL,NULL,3.77474,-10.74413,-21.16221,NULL,NULL,NULL,NULL,NULL,NULL,-0.07907,8.45012,2.72303,NULL,NULL,NULL,NULL,NULL,NULL,High,High,0D4ADE24-F8F9-426B-9A53-397525FC4BD8,DBFCC0BE-7790-45DD-9A77-32D69E7D4E7F,A64711C0-216E-11F0-8213-7D09D15F2485
30832319,1,2,6,Top,InPlay,NULL,GroundBall,GroundBall,Out,1,0,NULL,46.10368,-36.03519,24.57947,NULL,NULL,NULL,NULL,5.32144,3.28899,9.836324,0.049278,1.97339,2.77639,1.97339,-0.21925,NULL,2.77374,50.05943,NULL,NULL,NULL,NULL,NULL,NULL,NULL,1.97551,-40.04607,NULL,NULL,NULL,NULL,NULL,NULL,NULL,-0.22046,22.8973,NULL,NULL,NULL,NULL,NULL,NULL,NULL,Low,Low,0D4ADE24-F8F9-426B-9A53-397525FC4BD8,B73B01E2-4AB8-4F64-ABE5-C659965A7A81,4B473650-216F-11F0-8213-7D09D15F2485
30832327,3,2,6,Top,InPlay,NULL,GroundBall,GroundBall,Single,0,0,NULL,102.7092,-10.13281,-28.88393,NULL,NULL,NULL,NULL,16.64568,15.52327,-27.53159,0.098665,2.61875,1.93053,2.61875,-0.61634,180,1.92744,130.0375,NULL,NULL,NULL,NULL,NULL,NULL,NULL,2.61938,-26.54184,NULL,NULL,NULL,NULL,NULL,NULL,NULL,-0.61464,-71.73699,NULL,NULL,NULL,NULL,NULL,NULL,NULL,Low,Low,0D4ADE24-F8F9-426B-9A53-397525FC4BD8,5DE23235-8302-4C6D-A4ED-018C5B3B34C6,BBF382F0-216F-11F0-8213-7D09D15F2485
30832329,4,2,6,Top,FoulBallNotFieldable,NULL,NULL,NULL,NULL,0,0,NULL,NULL,NULL,NULL,NULL,NULL,NULL,NULL,NULL,NULL,NULL,NULL,NULL,NULL,NULL,NULL,NULL,NULL,NULL,NULL,NULL,NULL,NULL,NULL,NULL,NULL,NULL,NULL,NULL,NULL,NULL,NULL,NULL,NULL,NULL,NULL,NULL,NULL,NULL,NULL,NULL,NULL,NULL,NULL,NULL,NULL,0D4ADE24-F8F9-426B-9A53-397525FC4BD8,2F371BF8-A564-48D3-8180-8D5D1B52D3A8,0D8418A0-2170-11F0-8213-7D09D15F2485
30832330,4,3,6,Top,FoulBallNotFieldable,NULL,NULL,NULL,NULL,0,0,NULL,80.59309,20.61129,-145.5934,1890.014,NULL,NULL,NULL,NULL,49.72624,NULL,NULL,17.68653,NULL,NULL,NULL,56.72771,-1.79094,-91.1165,9.37181,NULL,NULL,NULL,NULL,NULL,NULL,3.50717,41.11011,-23.5527,NULL,NULL,NULL,NULL,NULL,NULL,1.0172,-62.05025,12.97319,NULL,NULL,NULL,NULL,NULL,NULL,High,NULL,0D4ADE24-F8F9-426B-9A53-397525FC4BD8,71A302BD-8274-49AD-B985-897618FC1BB6,1F9D6D70-2170-11F0-8213-7D09D15F2485
30832350,5,4,6,Bottom,InPlay,NULL,GroundBall,GroundBall,Out,1,0,NULL,61.55677,-30.97776,17.46416,NULL,NULL,NULL,NULL,5.99879,5.31162,16.07405,0.073568,3.44081,0.29696,3.44081,-0.05913,180,0.29129,74.31629,NULL,NULL,NULL,NULL,NULL,NULL,NULL,3.44437,-46.77037,NULL,NULL,NULL,NULL,NULL,NULL,NULL,-0.06092,23.38074,NULL,NULL,NULL,NULL,NULL,NULL,NULL,Low,Low,0D4ADE24-F8F9-426B-9A53-397525FC4BD8,45733A6E-0353-4969-A9DF-D9B60F48940C,DC654210-2171-11F0-8213-7D09D15F2485
30832358,2,3,7,Top,FoulBallNotFieldable,NULL,NULL,NULL,NULL,0,0,NULL,80.24465,71.68787,-135.2326,4957.091,NULL,NULL,NULL,NULL,15.42009,NULL,NULL,44.41711,2.23626,3.2684,-0.17429,3.418211,2.24805,-26.63181,-5.43447,NULL,NULL,NULL,NULL,NULL,NULL,3.28604,111.173,-32.54661,NULL,NULL,NULL,NULL,NULL,NULL,-0.16642,-26.29436,-2.97755,NULL,NULL,NULL,NULL,NULL,NULL,High,NULL,0D4ADE24-F8F9-426B-9A53-397525FC4BD8,8F388E1D-C7B5-44C2-860B-265A502F7587,7A2D68B0-2172-11F0-8213-7D09D15F2485
30832371,2,4,7,Bottom,FoulBallNotFieldable,NULL,NULL,GroundBall,NULL,0,0,NULL,64.36963,-17.10506,-62.80153,NULL,NULL,NULL,NULL,11.77881,10.89565,-51.58709,0.105745,2.95075,2.93578,2.95075,-0.701,180,2.93233,41.44582,NULL,NULL,NULL,NULL,NULL,NULL,NULL,2.95307,-27.90445,NULL,NULL,NULL,NULL,NULL,NULL,NULL,-0.69428,-80.65013,NULL,NULL,NULL,NULL,NULL,NULL,NULL,Low,Low,0D4ADE24-F8F9-426B-9A53-397525FC4BD8,97AE02F2-FC69-4898-B2DA-DC82DC91F192,5A4B8620-2173-11F0-8213-7D09D15F2485
30832375,3,2,7,Bottom,FoulBallNotFieldable,NULL,NULL,NULL,NULL,0,0,NULL,NULL,NULL,NULL,NULL,NULL,NULL,NULL,NULL,NULL,NULL,NULL,NULL,NULL,NULL,NULL,NULL,NULL,NULL,NULL,NULL,NULL,NULL,NULL,NULL,NULL,NULL,NULL,NULL,NULL,NULL,NULL,NULL,NULL,NULL,NULL,NULL,NULL,NULL,NULL,NULL,NULL,NULL,NULL,NULL,NULL,0D4ADE24-F8F9-426B-9A53-397525FC4BD8,BC69DF48-95F2-471E-9F3A-7FF7E17B58A9,A899C210-2173-11F0-8213-7D09D15F2485
30832377,3,4,7,Bottom,InPlay,NULL,GroundBall,GroundBall,Out,1,0,NULL,95.18943,-17.63372,-7.389073,NULL,NULL,NULL,NULL,11.77203,11.56661,-4.210545,0.080864,3.42858,1.04362,3.42858,0.52285,180,1.03928,132.28,NULL,NULL,NULL,NULL,NULL,NULL,NULL,3.42997,-42.3995,NULL,NULL,NULL,NULL,NULL,NULL,NULL,0.52342,-17.15452,NULL,NULL,NULL,NULL,NULL,NULL,NULL,High,High,0D4ADE24-F8F9-426B-9A53-397525FC4BD8,939CE09F-AC17-47AB-A6DF-9E9E032E7398,D261B620-2173-11F0-8213-7D09D15F2485
30832381,5,1,7,Bottom,FoulBallNotFieldable,NULL,NULL,NULL,NULL,0,0,NULL,63.56401,71.49736,119.29,5909.45,NULL,NULL,NULL,NULL,9.86511,NULL,NULL,34.28208,1.29767,3.63217,-0.39737,337.1389,1.30542,-14.74168,-4.82884,NULL,NULL,NULL,NULL,NULL,NULL,3.64074,88.11585,-25.03365,NULL,NULL,NULL,NULL,NULL,NULL,-0.38884,25.51018,-7.8953,NULL,NULL,NULL,NULL,NULL,NULL,High,NULL,0D4ADE24-F8F9-426B-9A53-397525FC4BD8,23BA38EC-6757-42EE-9E79-51B41072D3A4,4AD6A7F0-2174-11F0-8213-7D09D15F2485
30832387,1,3,8,Top,FoulBallNotFieldable,NULL,NULL,NULL,NULL,0,0,NULL,NULL,NULL,NULL,NULL,NULL,NULL,NULL,NULL,NULL,NULL,NULL,NULL,NULL,NULL,NULL,NULL,NULL,NULL,NULL,NULL,NULL,NULL,NULL,NULL,NULL,NULL,NULL,NULL,NULL,NULL,NULL,NULL,NULL,NULL,NULL,NULL,NULL,NULL,NULL,NULL,NULL,NULL,NULL,NULL,NULL,0D4ADE24-F8F9-426B-9A53-397525FC4BD8,D7685809-26F2-4491-9459-75A79DC4241E,E268FE60-2174-11F0-8213-7D09D15F2485
30832388,1,4,8,Top,FoulBallNotFieldable,NULL,NULL,NULL,NULL,0,0,NULL,73.66642,50.69587,-99.80373,5181.964,NULL,NULL,NULL,NULL,15.65525,NULL,NULL,21.08309,0.46158,3.2479,-0.27344,NULL,0.46658,-11.93842,-13.47515,NULL,NULL,NULL,NULL,NULL,NULL,3.25176,83.38602,-32.53731,NULL,NULL,NULL,NULL,NULL,NULL,-0.27571,-67.31183,14.01178,NULL,NULL,NULL,NULL,NULL,NULL,Medium,NULL,0D4ADE24-F8F9-426B-9A53-397525FC4BD8,48DFE338-2660-44FC-B25E-66719EC5CBE8,F14A80C0-2174-11F0-8213-7D09D15F2485
30832392,2,2,8,Top,FoulBallNotFieldable,NULL,NULL,GroundBall,NULL,0,0,NULL,80.93236,5.051049,178.8944,2151.412,NULL,NULL,NULL,99.95177,49.95946,179.3516,0.940322,5.61511,0.64439,3.92932,-0.35392,222.0007,0.58308,-117.326,11.14132,NULL,NULL,NULL,NULL,NULL,NULL,3.96594,9.92455,-15.07849,NULL,NULL,NULL,NULL,NULL,NULL,-0.34872,2.20563,-0.67727,NULL,NULL,NULL,NULL,NULL,NULL,Medium,Low,0D4ADE24-F8F9-426B-9A53-397525FC4BD8,20970854-5A5E-4CC3-AB8F-CA34BFB9CD11,2A18BD40-2175-11F0-8213-7D09D15F2485
30832394,2,4,8,Top,InPlay,NULL,GroundBall,GroundBall,Out,1,0,NULL,41.60446,-46.78076,-142.8857,NULL,NULL,NULL,NULL,2.44381,3.40034,-19.64864,0.037408,1.67515,3.55678,1.67515,0.12811,NULL,3.55819,-33.55638,NULL,NULL,NULL,NULL,NULL,NULL,NULL,1.67704,-44.78102,NULL,NULL,NULL,NULL,NULL,NULL,NULL,0.12918,-25.39167,NULL,NULL,NULL,NULL,NULL,NULL,NULL,Low,Low,0D4ADE24-F8F9-426B-9A53-397525FC4BD8,6CBE9C48-C26F-4B18-8B5A-41B5A5364C2C,41C33DD0-2175-11F0-8213-7D09D15F2485
30832395,3,1,8,Top,FoulBallNotFieldable,NULL,NULL,GroundBall,NULL,0,0,NULL,70.11904,-17.60419,-59.71769,NULL,NULL,NULL,NULL,8.00564,7.40493,-41.95655,0.062385,1.94566,2.86131,1.94566,-0.05706,180,2.85996,49.56489,NULL,NULL,NULL,NULL,NULL,NULL,NULL,1.94651,-31.188,NULL,NULL,NULL,NULL,NULL,NULL,NULL,-0.05474,-84.88027,NULL,NULL,NULL,NULL,NULL,NULL,NULL,Low,Low,0D4ADE24-F8F9-426B-9A53-397525FC4BD8,E55B8F19-6B28-4FD1-85CF-509DB44C542D,5530FF10-2175-11F0-8213-7D09D15F2485
30832397,3,3,8,Top,InPlay,NULL,GroundBall,NULL,Error,0,0,NULL,NULL,NULL,NULL,NULL,NULL,NULL,NULL,NULL,NULL,NULL,NULL,NULL,NULL,NULL,NULL,NULL,NULL,NULL,NULL,NULL,NULL,NULL,NULL,NULL,NULL,NULL,NULL,NULL,NULL,NULL,NULL,NULL,NULL,NULL,NULL,NULL,NULL,NULL,NULL,NULL,NULL,NULL,NULL,NULL,NULL,0D4ADE24-F8F9-426B-9A53-397525FC4BD8,2386B562-0D08-49E9-A900-F0315F7A51C2,79269FB0-2175-11F0-8213-7D09D15F2485
30832398,4,1,8,Top,InPlay,NULL,GroundBall,GroundBall,Single,0,1,NULL,77.52102,6.907276,-5.777204,5135.584,NULL,NULL,NULL,92.30291,91.94334,-5.338582,0.89291,5.26435,1.6696,2.93764,0.1859,349.695,1.72052,111.5168,-11.83791,NULL,NULL,NULL,NULL,NULL,NULL,2.99653,12.77448,-18.13295,NULL,NULL,NULL,NULL,NULL,NULL,0.17732,-11.22976,1.59238,NULL,NULL,NULL,NULL,NULL,NULL,High,High,0D4ADE24-F8F9-426B-9A53-397525FC4BD8,129B9F3C-81AF-4F1B-A75F-98A9E3E16066,96DDBD90-2175-11F0-8213-7D09D15F2485
30832400,5,2,8,Top,InPlay,NULL,Popup,NULL,Out,1,0,NULL,NULL,NULL,NULL,NULL,NULL,NULL,NULL,NULL,NULL,NULL,NULL,NULL,NULL,NULL,NULL,NULL,NULL,NULL,NULL,NULL,NULL,NULL,NULL,NULL,NULL,NULL,NULL,NULL,NULL,NULL,NULL,NULL,NULL,NULL,NULL,NULL,NULL,NULL,NULL,NULL,NULL,NULL,NULL,NULL,NULL,0D4ADE24-F8F9-426B-9A53-397525FC4BD8,08E48AF5-5D58-48BC-B7A8-B03D1F7CCDDE,E49A40D0-2175-11F0-8213-7D09D15F2485
30832404,1,4,8,Bottom,InPlay,NULL,GroundBall,GroundBall,Single,0,0,NULL,57.39473,-6.571022,-48.67512,NULL,NULL,NULL,NULL,13.67638,7.81928,-35.11719,0.132522,1.27967,3.85133,1.27967,0.47532,180,3.84848,55.3541,NULL,NULL,NULL,NULL,NULL,NULL,NULL,1.28017,-9.65629,NULL,NULL,NULL,NULL,NULL,NULL,NULL,0.47856,-62.9531,NULL,NULL,NULL,NULL,NULL,NULL,NULL,Low,Low,0D4ADE24-F8F9-426B-9A53-397525FC4BD8,F4F55C1F-747C-435F-9363-993495C7C1D5,59BA1430-2176-11F0-8213-7D09D15F2485
30832408,2,4,8,Bottom,InPlay,NULL,GroundBall,GroundBall,FieldersChoice,1,0,NULL,33.71818,-60.42345,-18.9858,NULL,NULL,NULL,NULL,3.27169,3.27169,-5.617042,0.037327,1.62212,2.38545,1.62212,-0.02072,NULL,2.384,23.32215,NULL,NULL,NULL,NULL,NULL,NULL,NULL,1.62482,-43.45769,NULL,NULL,NULL,NULL,NULL,NULL,NULL,-0.02022,-8.02399,NULL,NULL,NULL,NULL,NULL,NULL,NULL,Estimated,Estimated,0D4ADE24-F8F9-426B-9A53-397525FC4BD8,98B99BAF-7666-44F4-9E87-5E802D3DB5EE,93E91930-2176-11F0-8213-7D09D15F2485
30832412,3,4,8,Bottom,InPlay,NULL,GroundBall,GroundBall,FieldersChoice,1,0,NULL,78.66735,-35.80449,21.82501,NULL,NULL,NULL,NULL,5.51936,3.3041,15.93642,0.043887,2.97248,1.48183,2.97248,-0.01654,NULL,1.47973,87.16426,NULL,NULL,NULL,NULL,NULL,NULL,NULL,2.97411,-67.72986,NULL,NULL,NULL,NULL,NULL,NULL,NULL,-0.01738,34.90737,NULL,NULL,NULL,NULL,NULL,NULL,NULL,Low,Low,0D4ADE24-F8F9-426B-9A53-397525FC4BD8,5D609D8C-9BBD-4EC1-9B81-29FB2E1C0AB3,CF885000-2176-11F0-8213-7D09D15F2485
30832418,4,6,8,Bottom,FoulBallNotFieldable,NULL,NULL,NULL,NULL,0,0,NULL,NULL,NULL,NULL,NULL,NULL,NULL,NULL,NULL,NULL,NULL,NULL,NULL,NULL,NULL,NULL,NULL,NULL,NULL,NULL,NULL,NULL,NULL,NULL,NULL,NULL,NULL,NULL,NULL,NULL,NULL,NULL,NULL,NULL,NULL,NULL,NULL,NULL,NULL,NULL,NULL,NULL,NULL,NULL,NULL,NULL,0D4ADE24-F8F9-426B-9A53-397525FC4BD8,C76AB231-971A-49DB-9CE9-81D610887C67,2B25AE80-2177-11F0-8213-7D09D15F2485
30832419,4,7,8,Bottom,FoulBallNotFieldable,NULL,NULL,NULL,NULL,0,0,NULL,NULL,NULL,NULL,NULL,NULL,NULL,NULL,NULL,NULL,NULL,NULL,NULL,NULL,NULL,NULL,NULL,NULL,NULL,NULL,NULL,NULL,NULL,NULL,NULL,NULL,NULL,NULL,NULL,NULL,NULL,NULL,NULL,NULL,NULL,NULL,NULL,NULL,NULL,NULL,NULL,NULL,NULL,NULL,NULL,NULL,0D4ADE24-F8F9-426B-9A53-397525FC4BD8,63132C22-DBCE-4A83-B2E6-241DFB4E3144,3AAE1F40-2177-11F0-8213-7D09D15F2485
30832420,4,8,8,Bottom,InPlay,NULL,GroundBall,GroundBall,Out,1,0,NULL,108.2121,-9.034513,-16.50802,NULL,NULL,NULL,NULL,25.1893,24.46386,-16.15893,0.157927,4.17239,1.2506,4.17239,-0.28719,252.3686,1.25215,150.1514,-30.97306,NULL,NULL,NULL,NULL,NULL,NULL,4.17245,-24.92788,-9.45131,NULL,NULL,NULL,NULL,NULL,NULL,-0.28787,-44.4808,12.1493,NULL,NULL,NULL,NULL,NULL,NULL,Medium,High,0D4ADE24-F8F9-426B-9A53-397525FC4BD8,F327A3A8-E538-489B-A2CC-5DB935B12278,4DBB49F0-2177-11F0-8213-7D09D15F2485
30832424,1,4,9,Top,InPlay,NULL,GroundBall,GroundBall,Out,1,0,NULL,80.69353,-18.89829,21.03583,NULL,NULL,NULL,NULL,8.69846,3.30894,15.077,0.058973,2.26597,2.22115,2.26597,-0.11328,NULL,2.21879,104.7576,NULL,NULL,NULL,NULL,NULL,NULL,NULL,2.26684,-38.42376,NULL,NULL,NULL,NULL,NULL,NULL,NULL,-0.11419,40.28784,NULL,NULL,NULL,NULL,NULL,NULL,NULL,Low,Low,0D4ADE24-F8F9-426B-9A53-397525FC4BD8,CDE5EDD6-2CD1-4064-8BA3-E54D374776B0,C37B54F0-2177-11F0-8213-7D09D15F2485
30832430,2,6,9,Top,InPlay,NULL,GroundBall,GroundBall,Out,1,0,NULL,72.19764,-0.186136,-11.2234,1050.286,NULL,NULL,NULL,36.28525,34.62314,-12.61063,0.345945,2.48294,0.89499,2.48294,-0.76148,32.31084,0.89705,103.7848,-11.63929,NULL,NULL,NULL,NULL,NULL,NULL,2.48658,-0.48424,-19.40739,NULL,NULL,NULL,NULL,NULL,NULL,-0.76089,-20.63252,-0.19977,NULL,NULL,NULL,NULL,NULL,NULL,Low,High,0D4ADE24-F8F9-426B-9A53-397525FC4BD8,EA9E3627-97BA-4B7B-8B3F-A5367F7B21EB,0F633F40-2178-11F0-8213-7D09D15F2485
30832442,1,6,9,Bottom,InPlay,NULL,GroundBall,GroundBall,Single,0,0,NULL,99.39209,2.266012,11.78822,1281.754,NULL,NULL,NULL,70.33115,68.63847,12.74182,0.512382,2.36419,1.083,1.93943,0.2729,299.4856,1.10569,141.9925,-20.12004,NULL,NULL,NULL,NULL,NULL,NULL,1.95297,5.4079,-18.04183,NULL,NULL,NULL,NULL,NULL,NULL,0.27001,29.83446,-0.15962,NULL,NULL,NULL,NULL,NULL,NULL,High,Medium,0D4ADE24-F8F9-426B-9A53-397525FC4BD8,B4137E06-F893-4253-BC9C-EBE8D435934E,F5321E60-2178-11F0-8213-7D09D15F2485
30832460,6,2,9,Bottom,FoulBallNotFieldable,NULL,NULL,NULL,NULL,0,0,NULL,75.78766,72.62815,107.3015,3488.92,NULL,NULL,NULL,NULL,6.86116,NULL,NULL,26.22081,1.25589,3.07622,-0.51877,343.9168,1.25785,-9.98217,-7.17679,NULL,NULL,NULL,NULL,NULL,NULL,3.0786,105.9498,-28.85011,NULL,NULL,NULL,NULL,NULL,NULL,-0.51849,31.67059,-3.00591,NULL,NULL,NULL,NULL,NULL,NULL,Medium,NULL,0D4ADE24-F8F9-426B-9A53-397525FC4BD8,7B9560FA-1608-4295-8678-DC7B9D22FBE7,87C49720-217A-11F0-8213-7D09D15F2485
30832464,7,3,9,Bottom,InPlay,NULL,GroundBall,GroundBall,Out,1,0,NULL,72.68972,3.150944,-23.1393,2548.329,NULL,NULL,NULL,48.08458,48.08222,-23.66039,0.466237,2.58606,1.31453,2.22508,0.41168,45.8339,1.3192,97.75227,-13.14201,NULL,NULL,NULL,NULL,NULL,NULL,2.23715,5.51347,-22.17009,NULL,NULL,NULL,NULL,NULL,NULL,0.41663,-41.97423,-0.6828,NULL,NULL,NULL,NULL,NULL,NULL,High,High,0D4ADE24-F8F9-426B-9A53-397525FC4BD8,77850DEE-943B-41DD-922F-93779E383208,F930FF70-217A-11F0-8213-7D09D15F2485
